{"0": 0.030645968283079455, "1": 0.2286568072714193, "2": 0.031188996005646154}